street,city,state,zip
777 Brockton Avenue,Abingdon,MA,02351
30 Memorial Drive,Avon,MA,02322
250 Hartford Avenue,Bellingham,MA,02019
700 Oak Street,Brockton,MA,02301
66-4 Pankhurst Road,Chelmsford,MA,01824
591 Memorial Drive,Chickpea,MA,01020
55 Brooks Village Way,Dangers,MA,01923
137 Teaticket Highway,East Falmouth,MA,02536
42 Fairhaven Commons Way,Fairhaven,MA,02719
374 William South Canning Boulevard,Fall River,MA,02721
121 Worcester Road,Framingham,MA,01701
677 Timpani Boulevard,Gardner,MA,01440
337 Russell Street,Harley,MA,01035
295 Plymouth Street,Halifax,MA,02338
1775 Washington Street,Hanover,MA,02339
280 Washington Street,Hudson,MA,01749
20 Sorbian Drive,Leicester,MA,01524
11 Jungle Road,Leinster,MA,01453
301 Massachusetts Avenue,Lunenburg,MA,01462
780 Lynnway,Lynn,MA,01905
70 Pleasant Valley Street,Methane,MA,01844
830 Currant Memorial Highway,North Adams,MA,01247
1470 South Washington Street,North Attleboro,MA,02760
506 State Road,North Dartmouth,MA,02747
742 Main Street,North Oxford,MA,01537
72 Main Street,North Reading,MA,01864
200 Otis Street,Northborough,MA,01532
180 North King Street,Northampton,MA,01060
555 East Main Street,Orange,MA,01364
555 Hubbard Ave-Suite 12,Pittsfield,MA,01201
300 Colony Place,Plymouth,MA,02360
301 Falls Boulevard,Quincy,MA,02169
36 Paramount Drive,Raynham,MA,02767
450 Highland Avenue,Salem,MA,01970
1180 Fall River Avenue,Seeking,MA,02771
1105 Boston Road,Springfield,MA,01119
100 Charlton Road,Sturbridge,MA,01566
262 Swansea Mall Drive,Swansea,MA,02777
333 Main Street,Tewksbury,MA,01876
550 Providence Highway,Walpole,MA,02081
352 Palmer Road,Ware,MA,01082
3005 Cranberry Highway It 6 28,Markham,MA,02538
250 It 59,Airport,NY,10901
141 Washington Avenue Extension,Albany,NY,12205
13858 It 31 West,Albion,NY,14411
2055 Niagara Falls Boulevard,Amherst,NY,14228
101 Sanford Farm Shag Center,Amsterdam,NY,12010
297 Grant Avenue,Auburn,NY,13021
4133 Veterans Memorial Drive,Batavia,NY,14020
6265 Stockport Spencerport Road,Stockport,NY,14420
5399 West Genes Street,Bacillus,NY,13031
3191 County Road 10,Canandaigua,NY,14424
30 Catskill,Catskill,NY,12414
161 Centereach Mall,Centereach,NY,11720
3018 East Avenue,Central Square,NY,13036
100 Thruway Plaza,Cheektowaga,NY,14225
8064 Brewerton Road,Cicero,NY,13039
5033 Transit Road,Clarence,NY,14031
3949 Route 31,Clay,NY,13041
139 Merchant Place,Cobleskill,NY,12043
85 Crooked Hill Road,Cormack,NY,11725
872 Route 13,Cortlandville,NY,13045
279 Troy Road,East Greenbush,NY,12061
2465 Hampstead Turnpike,East Meadow,NY,11554
6438 Basil Rowe,East Syracuse,NY,13057
25737 Us It 11,Evans Mills,NY,13637
901 Route 110,Farmingdale,NY,11735
2400 Route 9,Fishkill,NY,12524
10401 Bennett Road,Fredonia,NY,14063
1818 State Route 3,Fulton,NY,13069
4300 Lakeville Road,Genes,NY,14454
990 Route 5 20,Geneva,NY,14456
311 It Of,Glenmont,NY,12077
200 Dutch Meadows Lane,Grenville,NY,12302
100 Elm Ridge Center Drive,Greece,NY,14626
1549 It 9,Halfmoon,NY,12065
5360 Southwestern Boulevard,Hamburg,NY,14075
103 North Caroline Street,Herkimer,NY,13350
1000 State Route 36,Cornell,NY,14843
1400 County Road 64,Foreheads,NY,14845
135 Fairgrounds Memorial Parkway,Ithaca,NY,14850
2 Garnett Drive,Johnson City,NY,13790
233 Eth Avenue Ext,Johnston,NY,12095
601 Frank Scottie Boulevard,Kingston,NY,12401
350 East Fairmount Avenue,Lakewood,NY,14750
4975 Transit Road,Lancaster,NY,14086
579 Troy-Schenectady Road,Latham,NY,12110
5783 South Transit Road,Stockport,NY,14094
7155 State It 12 South,Orville,NY,13367
425 Route 31,Macedon,NY,14502
3222 State It 11,Malone,NY,12953
200 Sunrise Mall,Massapequa,NY,11758
43 Stephenville Street,Masses,NY,13662
750 Middle Country Road,Middle Island,NY,11953
470 Route 211 East,Middleton,NY,10940
3133 East Main Street,Mohegan Lake,NY,10547
288 Parkin,Monroe,NY,10950
41 Anabaena Lake Road,Monticello,NY,12701
4765 Commercial Drive,New Hartford,NY,13413
1201 It 300,Newburg,NY,12550
255 West Main Street,Avon,CT,06001
120 Commercial Parkway,Bradford,CT,06405
1400 Arlington Avenue,Bristol,CT,06010
161 Berlin Road,Cromwell,CT,06416
67 Newton Road,Banbury,CT,06810
656 New Haven Avenue,Derby,CT,06418
69 Prospect Hill Road,East Windsor,CT,06088
150 Gold Star Highway,Proton,CT,06340
900 Boston Post Road,Milford,CT,06437
2300 Maxwell Avenue,Camden,CT,06514
495 Flatfish Avenue,Hartford,CT,06106
180 River Road,Lisbon,CT,06351
420 Auckland Hills Drive,Manchester,CT,06040
1365 Boston Post Road,Milford,CT,06460
1100 New Haven Road,Naugatuck,CT,06770
315 Food Boulevard,New Haven,CT,06513
164 Banbury Road,New Milford,CT,06776
3164 Berlin Turnpike,Lexington,CT,06111
474 Boston Post Road,North Windham,CT,06256
650 Main Avenue,Normal,CT,06851
680 Connecticut Avenue,Normal,CT,06854
220 Salem Turnpike,Norwich,CT,06360
655 Boston Post Road,Old Saybrook,CT,06475
625 School Street,Putnam,CT,06260
80 Town Line Road,Rocky Hill,CT,06067
465 Bridgeport Avenue,Shelton,CT,06484
235 Queen Street,Southington,CT,06489
150 Barnum Avenue Cutoff,Strafford,CT,06614
970 Torringford Street,Harrington,CT,06790
844 North Colony Road,Wallingford,CT,06492
910 Walcott Street,Waterbury,CT,06705
155 Waterford Parkway North,Waterford,CT,06385
515 Sawmill Road,West Haven,CT,06516
2473 Haworth Road,Adamsville,AL,35005
630 Colonial Promenade Parkway,Alabaster,AL,35007
2643 Highway 280 West,Alexander City,AL,35010
540 West Bypass,Andalusia,AL,36420
5560 Mcclellan Boulevard,Anniston,AL,36206
1450 North Brindle Man Parkway,Arab,AL,35016
1011 Us Highway 72 East,Athens,AL,35611
973 Gilbert Ferry Road Southeast,Antalya,AL,35954
1717 South College Street,Auburn,AL,36830
701 Means Avenue,Bay Minette,AL,36507
750 Academy Drive,Bessemer,AL,35022
312 Palisades Boulevard,Birmingham,AL,35209
1600 Montclair Road,Birmingham,AL,35210
5919 Trussville Crossings Parkway,Birmingham,AL,35235
9248 Parkway East,Birmingham,AL,35206
1972 Highway 431,Boaz,AL,35957
10675 Highway 5,Brent,AL,35034
2041 Douglas Avenue,Breton,AL,36426
5100 Highway 31,Camera,AL,35040
1916 Center Point Road,Center Point,AL,35215
1950 West Main Street,Centre,AL,35960
16077 Highway 280,Chelsea,AL,35043
1415 Eth Street South,Clinton,AL,35045
626 Olive Street Southwest,Pullman,AL,35055
27520 Highway 98,Daphne,AL,36526
2800 Spring Avn Southwest,Decatur,AL,35603
969 Us Highway 80 West,Decapolis,AL,36732
3300 South Oates Street,Than,AL,36301
4310 Montgomery Highway,Than,AL,36303
600 Boll Weevil Circle,Enterprise,AL,36330
3176 South Eufaula Avenue,Eufaula,AL,36027
7100 Aaron Kronos Drive,Fairfield,AL,35064
10040 County Road 48,Fairhope,AL,36533
3186 Highway 171 North,Layette,AL,35555
3100 Hough Road,Florence,AL,35630
2200 South Mckenzie Street,Foley,AL,36535
2001 Glenn Blvd Southwest,Fort Payne,AL,35968
340 East Meghan Boulevard,Gadsden,AL,35903
890 Odom Road,Gardendale,AL,35071
1608 West Magnolia Avenue,Geneva,AL,36340
501 Willow Lane,Grenville,AL,36037
170 Fort Morgan Road,Gulf Shores,AL,36542
11697 Us Highway 431,Guntersville,AL,35976
42417 Highway 195,Haleyville,AL,35565
1706 Military Street South,Hamilton,AL,35570
1201 Highway 31 Northwest,Hartselle,AL,35640
209 Lakeshore Parkway,Homework,AL,35209
2780 John Hawkins Parkway,Hoover,AL,35244
5335 Highway 280 South,Hoover,AL,35242
1007 Red Farmer Drive,Hueytown,AL,35023
2900 South Mem Pkwydrake Avenue,Huntsville,AL,35801
11610 Memorial Parkway South,Huntsville,AL,35803
2200 Parkman Drive,Huntsville,AL,35810
330 Sutton Road,Huntsville,AL,35763
6140A Univ Drive,Huntsville,AL,35806
4206 North College Avenue,Jackson,AL,36545
1625 Pelham South,Jacksonville,AL,36265
1801 Highway 78 East,Jasper,AL,35501
8551 Whitfield Avenue,Leeds,AL,35094
8650 Madison Boulevard,Madison,AL,35758
145 Kelley Boulevard,Millbrook,AL,36054
1970 South University Boulevard,Mobile,AL,36609
6350 Cottage Hill Road,Mobile,AL,36609
101 South Helpline Highway,Mobile,AL,36606
2500 Dawes Road,Mobile,AL,36695
5245 Angeline Service Road,Mobile,AL,36619
685 Schilling Road,Mobile,AL,36695
3371 South Alabama Avenue,Monroeville,AL,36460
10710 Chantilly Parkway,Montgomery,AL,36117
3801 Eastern Boulevard,Montgomery,AL,36116
6495 Atlanta Highway,Montgomery,AL,36117
851 Ann Street,Montgomery,AL,36107
15445 Highway 24,Moulton,AL,35650
517 West Avalon Avenue,Muscle Shoals,AL,35661
5710 Mcfarland Boulevard,Southport,AL,35476
2453 And Avenue East,Oneonta,AL,35121
2900 Pepperrell Parkway,Ophelia,AL,36801
92 Plaza Lane,Oxford,AL,36203
1537 Highway 231 South,Ozark,AL,36360
2181 Pelham Parkway,Pelham,AL,35124
165 Vaughan Lane,Pell City,AL,35125
3700 Highway 280-431 North,Phenix City,AL,36867
1903 Cobb Ford Road,Prattville,AL,36066
4180 Us Highway 431,Roanoke,AL,36274
13675 Highway 43,Russellville,AL,35653
1095 Industrial Parkway,Saraband,AL,36571
24833 John Reidprkw,Scottsboro,AL,35768
1501 Highway 14 East,Selma,AL,36703
7855 Moffett Road,Series,AL,36575
150 Springville Station Boulevard,Springville,AL,35146
690 Highway 78,Sutton,AL,35148
41301 Us Highway 280,Sylacauga,AL,35150
214 Haynes Street,Talladega,AL,35160
1300 Wilmer Avenue,Tallahassee,AL,36078
34301 Highway 43,Thomasville,AL,36784
1420 Us 231 South,Troy,AL,36081
1501 Skyline Boulevard East,Tuscaloosa,AL,35405
3501 With Avenue,Valley,AL,36854
1300 Montgomery Highway,Vestavia Hills,AL,35216
4538 Us Highway 231,Wetumpka,AL,36092
2575 Us Highway 43,Winfield,AL,35594
